标题,用户名,密码,网址,分类,备注
1,user1,admin1231,https：//666.com,,
2,user2,admin1232,https：//667.com,,
3,user3,admin1233,https：//668.com,,
4,user4,admin1234,https：//669.com,,
5,user5,admin1235,https：//670.com,,
6,user6,admin1236,https：//671.com,,
7,user7,admin1237,https：//672.com,,
8,user8,admin1238,https：//673.com,,
9,user9,admin1239,https：//674.com,,
10,user10,admin1240,https：//675.com,,
11,user11,admin1241,https：//676.com,,
12,user12,admin1242,https：//677.com,,
13,user13,admin1243,https：//678.com,,
14,user14,admin1244,https：//679.com,,
15,user15,admin1245,https：//680.com,,
16,user16,admin1246,https：//681.com,,
17,user17,admin1247,https：//682.com,,
18,user18,admin1248,https：//683.com,,
19,user19,admin1249,https：//684.com,,
20,user20,admin1250,https：//685.com,,
